word,context_count,pos_count,neg_count,pmi_positive,pmi_negative,sentiment_score,source
good,254,244,7,0.4582720714570531,-1.745558581463856,2.203830652920909,reddit
odyssey,134,100,5,0.09238277395593775,-1.248058921993039,1.3404416959489767,reddit
characters,117,95,5,0.21177886986769498,-1.055413844050643,1.267192713918338,reddit
way,199,157,9,0.1743631894526568,-1.074682177755422,1.2490453672080788,reddit
feel,213,153,9,0.04022782355992312,-1.1718233361659538,1.212051159725877,reddit
gameplay,204,161,10,0.1749836081558887,-0.9726274900097769,1.1476110981656655,reddit
feels,144,115,7,0.1897905687020373,-0.9353831403438734,1.1251737090459106,reddit
around,102,86,5,0.2641379101621185,-0.8610357988837918,1.1251737090459102,reddit
play,192,137,9,0.030245747045523613,-1.0235433287636213,1.0537890758091448,reddit
back,137,107,7,0.1575805618944435,-0.8644996541873634,1.022080216081807,reddit
go,101,79,5,0.15706170015862642,-0.8470966079259179,1.0041583080845444,reddit
im,337,238,17,0.017359477298886965,-0.9807750431578873,0.9981345204567743,reddit
get,259,195,14,0.10843797999980616,-0.8665739824252215,0.9750119624250277,reddit
story,420,312,23,0.09055379067991547,-0.8816952694498846,0.9722490601298001,reddit
one,324,249,19,0.13869026288549166,-0.772358640807571,0.9110489036930627,reddit
hours,144,110,8,0.12622543992457086,-0.7654581389015608,0.8916835788261317,reddit
much,221,168,13,0.12161366881636192,-0.7391035593265564,0.8607172281429183,reddit
experience,103,81,6,0.16494061940644325,-0.6524491770723744,0.8173897964788176,reddit
going,99,80,6,0.20327265258731245,-0.5964151421580466,0.799687794745359,reddit
pretty,107,90,7,0.2612444478762522,-0.5137429062407823,0.7749873541170345,reddit
since,152,111,9,0.062202513817185036,-0.6904170272713948,0.7526195410885798,reddit
never,117,99,8,0.2706725589212634,-0.470451343329487,0.7411239022507504,reddit
valhalla,152,108,9,0.023031916536507515,-0.6904170272713948,0.7134489438079022,reddit
though,97,75,6,0.14020502581845837,-0.5675602794858614,0.7077653053043198,reddit
stealth,186,140,12,0.10659663317563861,-0.5997077150004012,0.7063043481760398,reddit
combat,207,157,14,0.11805574855070257,-0.54602711793622,0.6640828664869226,reddit
enough,104,83,7,0.1860311006700435,-0.4734790360270552,0.6595101366970987,reddit
really,324,261,24,0.206328979760855,-0.45043054592020887,0.6567595256810639,reddit
review,82,61,5,0.08351302006259721,-0.5529135035214601,0.6364265235840573,reddit
first,204,151,14,0.08306111871484957,-0.5251685130385556,0.6082296317534052,reddit
lot,151,117,11,0.14688933912367186,-0.41798392343535123,0.5648732625590231,reddit
franchise,82,67,6,0.21677955092606133,-0.33052108218501225,0.5473006331110736,reddit
find,79,57,5,0.03976512469742988,-0.5004460836273242,0.5402112083247541,reddit
say,98,76,7,0.14456448337465885,-0.3894147712385806,0.5339792546132395,reddit
two,101,71,7,0.005058606713576446,-0.43205910864707425,0.4371177153606507,reddit
big,77,53,5,-0.027259113559152018,-0.4643768289198025,0.43711771536065047,reddit
games,453,342,39,0.11397616354123603,-0.25335322166255203,0.36732938520378805,reddit
right,95,67,7,0.009184131517693934,-0.34547142365098354,0.35465555516867747,reddit
playing,133,101,11,0.117243877375147,-0.23741167779353042,0.3546555551686774,reddit
enemies,97,75,8,0.14020502581845837,-0.20499020010115296,0.3451952259196113,reddit
system,73,58,6,0.17545849132044244,-0.16702234990213272,0.34248084122257516,reddit
might,66,57,6,0.29215228633171497,-0.02566650065659112,0.31781878698830607,reddit
also,263,189,22,0.04164119133486891,-0.2718451748574044,0.3134863661922733,reddit
like,662,482,58,0.06247407994333075,-0.23795496344893935,0.3004290433922701,reddit
origins,83,63,7,0.11224319631678033,-0.15494951760155798,0.2671927139183383,reddit
long,87,63,7,0.04590070148808458,-0.2212920124302536,0.26719271391833815,reddit
assassin,65,47,5,0.04050744271786622,-0.22668527120047183,0.26719271391833804,reddit
part,69,54,6,0.15324672647446,-0.08795077891093389,0.2411975053853939,reddit
day,72,54,6,0.09354048035019219,-0.1476570250352015,0.2411975053853937,reddit
may,61,46,5,0.0989430606322034,-0.13787600424261606,0.23681906487481946,reddit
side,109,69,8,-0.14349871695065697,-0.3700494463716494,0.2265507294209924,reddit
things,93,69,8,0.08106154106850083,-0.14548918835249136,0.2265507294209922,reddit
actually,113,84,10,0.085535017647809,-0.13161701377093382,0.21715203141874284,reddit
world,218,159,20,0.062202513817185036,-0.1346008722097552,0.19680338602694022,reddit
time,293,224,29,0.13084417942231572,-0.04323913010454095,0.17408330952685666,reddit
youre,63,44,5,-0.008880584244297423,-0.18296389377115385,0.17408330952685644,reddit
didnt,131,111,14,0.2737066190108969,0.10604957864347307,0.1676570403674238,reddit
act,67,51,6,0.11354939381740553,-0.04672811618442084,0.16027751000182638,reddit
everything,73,50,6,-0.03475921606990316,-0.16702234990213272,0.13226313383222954,reddit
cool,58,42,5,0.04100829154806177,-0.06748667635121823,0.10849496789928001,reddit
rpg,57,42,5,0.0652558377947391,-0.043239130104540786,0.1084949678992799,reddit
played,164,132,18,0.20187713660874704,0.12732950063280468,0.07454763597594236,reddit
thought,52,41,5,0.1590640530697741,0.08451641709383188,0.0745476359759422,reddit
every,123,89,12,0.04770294412207019,-0.010903147984850578,0.05860609210692077,reddit
many,130,95,13,0.062202513817185036,0.017402221235294932,0.044800292581890104,reddit
new,253,142,20,-0.3128479676259862,-0.34759459554395344,0.03474662791796723,reddit
point,85,60,8,0.009427974168640267,-0.018577075870271447,0.028005050038911714,reddit
got,122,87,12,0.026869440704904247,0.0006848262903612672,0.02618461441454298,reddit
still,177,127,18,0.03781835519022583,0.018553154715473377,0.019265200474752456,reddit
want,104,73,10,0.0031670435202329366,-0.01404741738975794,0.01721446090999088,reddit
especially,58,46,6,0.16933238852360133,0.15490574498522952,0.014426643538371808,reddit
sure,69,46,6,-0.07352413537256239,-0.08795077891093389,0.014426643538371503,reddit
game,1204,880,131,0.06861814947481122,0.06282134599451256,0.005796803480298665,reddit
series,175,132,19,0.10931101787267457,0.10876396334050899,0.0005470545321655806,reddit
main,151,98,14,-0.10639709015855987,-0.0960558285479889,-0.010341261610570973,reddit
ac,448,312,47,-0.002128211829936405,0.025622728040263443,-0.02775093987019985,reddit
cant,96,70,10,0.05667140784395616,0.09916319305823319,-0.04249178521427703,reddit
whole,61,44,6,0.03620730528424058,0.08451641709383188,-0.048309111809591306,reddit
look,74,50,7,-0.05386803901760735,0.006513905092558617,-0.060381944110165967,reddit
take,77,61,9,0.17204969466425446,0.2725887652464036,-0.10053907058214911,reddit
start,56,36,5,-0.1268934970441398,-0.018577075870271773,-0.10831642117386803,reddit
old,53,36,5,-0.05027221544122728,0.05804420573264083,-0.10831642117386811,reddit
shadows,814,510,82,-0.1536117285793919,-0.042944492088426406,-0.11066723649096549,reddit
make,168,114,18,-0.04226675273884437,0.09297799584202766,-0.13524474858087204,reddit
different,79,53,8,-0.06332836826667376,0.08451641709383188,-0.14784478536050566,reddit
content,68,46,7,-0.05306003281284677,0.12515840159117753,-0.1782184344040243,reddit
thats,112,81,13,0.046296122907824366,0.22890632642900663,-0.18261020352118226,reddit
give,55,34,5,-0.18197286476529287,0.006513905092558937,-0.18848676985785182,reddit
see,146,102,17,-0.0013187059912493013,0.21491305434950692,-0.21623176034075622,reddit
able,48,33,5,-0.034759216069903,0.19554772948257587,-0.23030694555247888,reddit
know,134,94,16,0.0040268995350907924,0.2544414185361442,-0.25041451900105344,reddit
looks,51,38,6,0.0791158967535314,0.3338758860305488,-0.2547599892770174,reddit
even,300,215,38,0.038116895292872,0.30143889807331364,-0.26332200278044166,reddit
everyone,76,43,7,-0.3043364677704688,-0.030960800326104286,-0.27337566744436453,reddit
assassins,436,260,47,-0.22524693057680667,0.06461685965612704,-0.28986379023293374,reddit
mode,65,37,6,-0.29652754455970465,-0.004292849864024015,-0.29223469469568064,reddit
away,43,31,5,0.029781036124807484,0.3475508229276257,-0.3177697868028182,reddit
mostly,42,31,5,0.062202513817185036,0.37997230062000337,-0.3177697868028183,reddit
weapons,44,31,5,-0.0019278236025307197,0.3158419632002878,-0.31776978680281853,reddit
someone,41,31,5,0.09536937775238402,0.41313916455520255,-0.31776978680281853,reddit
naoe,243,140,26,-0.27545245414929453,0.07269098169704231,-0.34814343584633684,reddit
creed,390,228,43,-0.25387192356378196,0.09916319305823319,-0.35303511662201514,reddit
launch,53,30,5,-0.3055292706833022,0.05804420573264083,-0.36357347641594306,reddit
dont,243,166,32,-0.031299514074035875,0.36219759889202696,-0.3934971129660628,reddit
targets,65,44,8,-0.052601961673615395,0.3582772295206842,-0.4108791911942996,reddit
us,76,48,9,-0.14905824229255762,0.2909672945612583,-0.44002553685381596,reddit
certain,44,33,6,0.085535017647809,0.5382343845367354,-0.4526993668889264,reddit
keep,44,33,6,0.085535017647809,0.5382343845367354,-0.4526993668889264,reddit
almost,46,33,6,0.024134472983665493,0.4768338398725919,-0.4526993668889264,reddit
quality,40,28,5,-0.01270229519670579,0.44708649647853993,-0.4597887916752457,reddit
need,86,57,11,-0.07981649105524266,0.37997230062000337,-0.459788791675246,reddit
set,48,28,5,-0.2642410621926702,0.19554772948257587,-0.45978879167524606,reddit
theyre,45,28,5,-0.17497372409558296,0.28481506757966313,-0.4597887916752461,reddit
kind,48,37,7,0.1257054561233431,0.6105852287614194,-0.4848797726380763,reddit
come,56,37,7,-0.08841934922950433,0.39646042340857196,-0.4848797726380763,reddit
ever,69,51,10,0.07232673109089251,0.5641259176687592,-0.4917991865778667,reddit
isnt,70,41,8,-0.25597344620906964,0.2544414185361442,-0.5104148647452138,reddit
player,63,45,9,0.022828275483040648,0.5540017003950523,-0.5311734249120116,reddit
ubisoft,221,132,28,-0.223983331964633,0.3115225137434117,-0.5355058457080447,reddit
opinion,44,31,6,-0.0019278236025307197,0.5382343845367354,-0.5401622081392662,reddit
gaming,56,40,8,0.021205141944993847,0.5663854248508845,-0.5451802829058906,reddit
kill,60,40,8,-0.07501017331430915,0.4701701095915815,-0.5451802829058907,reddit
year,82,58,12,0.011959759037563486,0.562563713898476,-0.5506039548609125,reddit
open,94,58,12,-0.18068531890483253,0.3699186359560801,-0.5506039548609126,reddit
huge,36,26,5,0.028594121174365772,0.591476405813715,-0.5628822846393492,reddit
seems,60,39,8,-0.11063408304503049,0.4701701095915815,-0.580804192636612,reddit
ive,187,131,29,0.003785827591863043,0.5990895899235903,-0.5953037623317272,reddit
use,78,47,10,-0.2153314617117237,0.39194494228607885,-0.6072764039978026,reddit
comes,44,29,6,-0.09503722799401186,0.5382343845367354,-0.6332716125307473,reddit
think,223,151,35,-0.04421954531896929,0.6105852287614196,-0.654804774080389,reddit
yasuke,262,154,36,-0.24663558162973367,0.4195006648066408,-0.6661362464363745,reddit
top,40,24,5,-0.22682710054955338,0.44708649647853993,-0.6739135970280933,reddit
another,74,49,11,-0.08243719121437831,0.591476405813715,-0.6739135970280933,reddit
multiple,35,24,5,-0.043963043399743024,0.6299505536283507,-0.6739135970280937,reddit
always,87,57,13,-0.0961183033843433,0.5860629096273505,-0.6821812130116938,reddit
japan,105,61,14,-0.2656365435597896,0.4198650277435159,-0.6855015713033055,reddit
black,69,44,10,-0.13625989072052508,0.5641259176687592,-0.7003858083892842,reddit
character,108,72,17,-0.06990102219015992,0.6430067064537969,-0.7129077286439568,reddit
yeah,36,23,5,-0.14133088026794677,0.591476405813715,-0.7328072860816617,reddit
wont,36,23,5,-0.14133088026794677,0.591476405813715,-0.7328072860816617,reddit
something,83,55,13,-0.08040188162561546,0.6524054044560463,-0.7328072860816618,reddit
arent,32,23,5,0.019133791925299144,0.7519410780069612,-0.732807286081662,reddit
doesnt,104,62,15,-0.2290063986088004,0.5265209639729448,-0.7555273625817451,reddit
players,99,58,14,-0.25393430093547104,0.503120531392868,-0.757054832328339,reddit
without,69,42,10,-0.20184823234810173,0.5641259176687592,-0.7659741500168609,reddit
let,47,34,8,0.03620730528424058,0.8096565758632484,-0.7734492705790078,reddit
instead,47,30,7,-0.1388794012738507,0.6397315744209358,-0.7786109756947864,reddit
community,40,26,6,-0.11579578816080928,0.6694789178149878,-0.7852747059757971,reddit
run,43,26,6,-0.2153314617117237,0.5699432442640736,-0.7852747059757973,reddit
personally,32,22,5,-0.04226675273884421,0.7519410780069612,-0.7942078307458054,reddit
clear,29,22,5,0.09099977812461987,0.8852076088704255,-0.7942078307458056,reddit
made,112,75,19,-0.06332836826667393,0.7434794992587649,-0.8068078675254389,reddit
help,36,21,5,-0.2668617623518058,0.591476405813715,-0.8583381681655208,reddit
coming,55,32,8,-0.266861762351806,0.591476405813715,-0.8583381681655209,reddit
fact,38,28,7,0.057687032694692233,0.9325133236487816,-0.8748262909540894,reddit
place,39,24,6,-0.1920616823888767,0.7042443359756647,-0.8963060183645414,reddit
hes,30,20,5,-0.08604844476675699,0.8394039192573005,-0.9254523640240575,reddit
anyone,36,20,5,-0.3339759582103427,0.591476405813715,-0.9254523640240577,reddit
gear,38,20,5,-0.4079765396541197,0.517475824369938,-0.9254523640240577,reddit
started,31,23,6,0.062202513817185036,1.017402221235295,-0.9551997074181099,reddit
thing,96,60,17,-0.1623383740978396,0.8096565758632484,-0.9719949499610879,reddit
try,38,26,7,-0.04540646026941145,0.9325133236487816,-0.977919783918193,reddit
longer,31,19,5,-0.2008318920166087,0.7950097998988471,-0.9958416919154558,reddit
thank,40,22,6,-0.34712133426726516,0.6694789178149878,-1.016600252082253,reddit
life,37,25,7,-0.06332836826667376,0.9690391996738956,-1.0323675679405695,reddit
real,59,38,11,-0.12370098624615572,0.9086665816944143,-1.03236756794057,reddit
pc,49,31,9,-0.15079120951701347,0.9039441714520111,-1.0547353809690245,reddit
due,30,18,5,-0.23043835410193203,0.8394039192573005,-1.0698422733592325,reddit
performance,27,18,5,-0.08841934922950433,0.9814229241297282,-1.0698422733592325,reddit
weapon,30,18,5,-0.23043835410193203,0.8394039192573005,-1.0698422733592325,reddit
mean,33,18,5,-0.3597213710468988,0.7101209023123339,-1.0698422733592328,reddit
whats,35,18,5,-0.43989171973088237,0.6299505536283507,-1.069842273359233,reddit
ps,40,21,6,-0.4112516716869807,0.6694789178149878,-1.0807305895019685,reddit
havent,40,24,7,-0.22682710054955338,0.8621239957573835,-1.0889510963069369,reddit
video,30,20,6,-0.08604844476675699,1.0617963405937483,-1.1478447853605052,reddit
points,32,23,7,0.019133791925299144,1.1669785772858046,-1.1478447853605054,reddit
seen,54,32,10,-0.24132667024466836,0.9065181151158374,-1.1478447853605056,reddit
talking,27,17,5,-0.16642186123077732,0.9814229241297282,-1.1478447853605056,reddit
changes,33,17,5,-0.43772388304817167,0.7101209023123339,-1.1478447853605056,reddit
become,29,17,5,-0.26263717649008045,0.8852076088704255,-1.147844785360506,reddit
assassination,41,25,8,-0.20419090410652352,0.9981016652763587,-1.202292569382882,reddit
based,40,19,6,-0.5487551954369156,0.6694789178149878,-1.2182341132519034,reddit
xbox,28,16,5,-0.29779362190369674,0.9325133236487817,-1.2303069455524784,reddit
either,40,21,7,-0.4112516716869807,0.8621239957573835,-1.2733756674443641,reddit
easy,31,21,7,-0.06332836826667393,1.210047299177691,-1.2733756674443648,reddit
season,23,15,5,-0.1222220573202425,1.195547729482576,-1.3177697868028186,reddit
historical,39,20,7,-0.4436004493848411,0.8968894139180604,-1.3404898633029014,reddit
fight,34,17,6,-0.4783658675455176,0.8918713391514359,-1.3702372066969535,reddit
gets,33,19,7,-0.28572078960312186,1.1251584015911775,-1.4108791911942995,reddit
castles,35,14,5,-0.7809286375659489,0.6299505536283507,-1.4108791911942995,reddit
nobunaga,31,19,7,-0.2008318920166087,1.210047299177691,-1.4108791911942997,reddit
fucking,21,14,5,-0.09503722799401186,1.3158419632002878,-1.4108791911942997,reddit
steam,48,24,9,-0.47836586754551785,0.932513323648782,-1.4108791911943,reddit
title,71,35,14,-0.49826542498322246,0.9715074552646454,-1.4697728802478678,reddit
people,218,127,53,-0.25972558107017735,1.227969207174953,-1.4876947882451304,reddit
nothing,51,25,10,-0.5058466039676248,0.9859525826102422,-1.491799186577867,reddit
within,25,13,5,-0.4258984476513823,1.084516417093832,-1.5104148647452142,reddit
lost,21,13,5,-0.19457290154492646,1.3158419632002878,-1.5104148647452142,reddit
ninja,25,13,5,-0.4258984476513823,1.084516417093832,-1.5104148647452142,reddit
number,25,13,5,-0.4258984476513823,1.084516417093832,-1.5104148647452142,reddit
samurai,55,29,12,-0.40436528610174083,1.1219911225124948,-1.5263564086142356,reddit
learn,28,15,6,-0.3852564631540363,1.1549057449852296,-1.5401622081392659,reddit
online,36,15,6,-0.7262933809891031,0.813868827150163,-1.540162208139266,reddit
improvements,41,24,10,-0.26077443247289106,1.2876082824713435,-1.5483827149442346,reddit
map,55,28,12,-0.4532748865826873,1.1219911225124948,-1.575266009095182,reddit
literally,31,19,8,-0.2008318920166087,1.379972300620003,-1.5808041926366119,reddit
believe,20,12,5,-0.23735776804172257,1.3799723006200035,-1.617330068661726,reddit
ubi,23,14,6,-0.2153314617117237,1.4179401508190237,-1.6332716125307474,reddit
option,32,14,6,-0.6589381131873386,0.974333499343409,-1.6332716125307476,reddit
post,58,31,14,-0.3852564631540363,1.2544414185361443,-1.6396978816901806,reddit
yasukes,38,18,8,-0.5523664489892947,1.1024383250910943,-1.654804774080389,reddit
history,61,29,14,-0.5487551954369154,1.1840520906447463,-1.7328072860816617,reddit
note,18,11,5,-0.2153314617117237,1.517475824369938,-1.7328072860816617,reddit
weve,42,20,10,-0.5454800634040543,1.2544414185361443,-1.7999214819401987,reddit
previous,39,20,10,-0.4436004493848411,1.3563210325553579,-1.799921481940199,reddit
plus,27,16,8,-0.24888402142275048,1.5663854248508844,-1.815269446273635,reddit
gonna,25,16,8,-0.14579052845864687,1.669478917814988,-1.815269446273635,reddit
horse,24,12,6,-0.4783658675455176,1.361356622452656,-1.8397224899981737,reddit
reddit,27,12,6,-0.6359071445319977,1.203815345466176,-1.8397224899981737,reddit
hello,20,10,5,-0.4783658675455176,1.3799723006200035,-1.858338168165521,reddit
list,32,15,8,-0.5658287087958572,1.3369035787281174,-1.9027322875239747,reddit
please,52,22,12,-0.7096914136519734,1.1999936345137678,-1.9096850481657413,reddit
boring,35,20,11,-0.29550181039570733,1.6299505536283505,-1.925452364024058,reddit
mac,22,11,6,-0.4783658675455176,1.476833839872592,-1.9551997074181096,reddit
edit,23,11,6,-0.5372595565990861,1.4179401508190237,-1.9551997074181098,reddit
activities,20,9,5,-0.6158693912954525,1.3799723006200035,-1.995841691915456,reddit
release,78,35,21,-0.6303689609905675,1.3919449422860788,-2.0223139032766464,reddit
shit,29,15,9,-0.432562177932393,1.6221732030366314,-2.0547353809690243,reddit
english,22,10,6,-0.6038967496293767,1.476833839872592,-2.0807305895019685,reddit
knowledge,21,10,6,-0.5424962049652333,1.5382343845367354,-2.080730589501969,reddit
bad,69,37,24,-0.3801854736066143,1.7485504888061867,-2.128735962412801,reddit
visual,18,11,7,-0.2153314617117237,1.9325133236487815,-2.147844785360505,reddit
pt,17,8,5,-0.5563683795467904,1.591476405813715,-2.1478447853605056,reddit
support,28,11,7,-0.8002939624328801,1.3475508229276254,-2.1478447853605056,reddit
store,19,8,5,-0.7007582888819656,1.4470864964785402,-2.1478447853605056,reddit
total,15,8,5,-0.39590370735354463,1.751941078006961,-2.1478447853605056,reddit
cause,20,8,5,-0.7678724847405024,1.3799723006200035,-2.147844785360506,reddit
culture,20,8,5,-0.7678724847405024,1.3799723006200035,-2.147844785360506,reddit
unlock,26,9,6,-0.9637926947157593,1.2544414185361443,-2.2182341132519037,reddit
notes,21,9,6,-0.6799997287151682,1.5382343845367354,-2.2182341132519037,reddit
fuck,20,9,6,-0.6158693912954525,1.6023647219564514,-2.2182341132519037,reddit
person,19,10,7,-0.4112516716869807,1.8621239957573836,-2.2733756674443644,reddit
menu,22,7,5,-1.0633283682666739,1.254441418536144,-2.3177697868028178,reddit
reach,17,7,5,-0.7262933809891031,1.591476405813715,-2.317769786802818,reddit
japanese,78,35,26,-0.6303689609905675,1.6874008258122506,-2.317769786802818,reddit
board,28,12,9,-0.684816745012944,1.669478917814988,-2.354295662827932,reddit
issues,48,23,18,-0.5372595565990861,1.858512742205005,-2.395772298804091,reddit
attack,31,14,11,-0.6158693912954525,1.795009799898847,-2.4108791911942995,reddit
worse,21,10,8,-0.5424962049652333,1.900804463921444,-2.4433006688866774,reddit
playstation,33,17,14,-0.43772388304817167,2.0320489971996962,-2.469772880247868,reddit
objective,26,11,9,-0.7007582888819656,1.7690145913659023,-2.469772880247868,reddit
problem,29,15,13,-0.432562177932393,2.107600030206873,-2.5401622081392663,reddit
improved,16,7,6,-0.6482908689878302,1.891871339151436,-2.5401622081392663,reddit
taken,22,8,7,-0.8934033668243614,1.669478917814988,-2.5628822846393495,reddit
added,15,8,7,-0.39590370735354463,2.166978577285805,-2.5628822846393495,reddit
hate,49,23,21,-0.565828708795857,2.041447695201946,-2.607276403997803,reddit
sub,24,11,10,-0.5938430849654537,2.013433319032349,-2.607276403997803,reddit
comment,17,5,5,-1.1413308802679467,1.591476405813715,-2.7328072860816617,reddit
controversy,16,6,6,-0.8409359469302259,1.891871339151436,-2.7328072860816617,reddit
playable,15,5,5,-0.9808662080747009,1.751941078006961,-2.732807286081662,reddit
media,21,9,9,-0.6799997287151682,2.052807557366494,-2.732807286081662,reddit
quest,78,25,26,-1.099854244291788,1.6874008258122506,-2.7872550701040386,reddit
shrines,18,6,9,-0.9929390403752761,2.2544414185361443,-3.2473804589114206,reddit
update,54,14,21,-1.3788301939946033,1.9065181151158372,-3.2853483091104403,reddit
worst,18,5,8,-1.215331461711724,2.1024383250910943,-3.317769786802818,reddit
fix,19,5,9,-1.2857207896031217,2.1840520906447463,-3.4697728802478682,reddit
patch,28,4,12,-2.063328368266674,2.0479905410687183,-4.111318909335392,reddit
bug,22,3,10,-2.063328368266674,2.128910536452285,-4.192238904718959,reddit
issue,86,14,64,-2.030906890574296,2.8173776129273014,-4.848284503501597,reddit
gb,57,3,29,-3.361008916907359,2.2786889647828215,-5.63969788169018,reddit
fixed,44,4,37,-2.6799997287151682,2.978806975922717,-5.658806704637885,reddit
asian,16,1,15,-2.64829086898783,3.0845164170938317,-5.732807286081662,reddit
